Match_ID,Date,Stage,Stage_Category,Team_1,Team_2,Score_1,Score_2,Fouls_T1,Fouls_T2,Total_Fouls,Yellow_Cards_T1,Yellow_Cards_T2,Total_Yellow_Cards,Red_Cards_T1,Red_Cards_T2,Total_Red_Cards,xG_T1,xG_T2,Shots_T1,Shots_T2
1,11/06/2026,GROUP STAGE,Group Stage,Mexico,South Africa,2,0,12.0,11.0,23.0,1.0,2.0,3.0,1.0,2.0,3.0,1.46,0.07,16.0,3.0
2,12/06/2026,GROUP STAGE,Group Stage,South Korea,Czech Republic,2,1,9.0,16.0,25.0,1.0,0.0,1.0,0.0,0.0,0.0,2.3,0.83,15.0,7.0
3,12/06/2026,GROUP STAGE,Group Stage,Canada,Bosnia & Herzegovina,1,1,10.0,20.0,30.0,2.0,3.0,5.0,0.0,0.0,0.0,1.25,0.98,13.0,8.0
4,13/06/2026,GROUP STAGE,Group Stage,USA,Paraguay,4,1,13.0,17.0,30.0,1.0,5.0,6.0,0.0,0.0,0.0,1.42,0.54,16.0,9.0
5,13/06/2026,GROUP STAGE,Group Stage,Qatar,Switzerland,1,1,12.0,11.0,23.0,2.0,1.0,3.0,0.0,0.0,0.0,0.6,3.2,6.0,26.0
6,13/06/2026,GROUP STAGE,Group Stage,Brazil,Morocco,1,1,16.0,14.0,30.0,2.0,0.0,2.0,0.0,0.0,0.0,1.26,1.37,12.0,14.0
7,14/06/2026,GROUP STAGE,Group Stage,Haiti,Scotland,0,1,23.0,21.0,44.0,1.0,3.0,4.0,0.0,0.0,0.0,1.05,1.05,15.0,9.0
8,14/06/2026,GROUP STAGE,Group Stage,Australia,Turkey,2,0,12.0,4.0,16.0,0.0,1.0,1.0,0.0,0.0,0.0,1.18,1.36,9.0,30.0
9,14/06/2026,GROUP STAGE,Group Stage,Germany,Curacao,7,1,18.0,11.0,29.0,0.0,0.0,0.0,0.0,0.0,0.0,4.22,0.41,26.0,8.0
10,14/06/2026,GROUP STAGE,Group Stage,Netherlands,Japan,2,2,7.0,7.0,14.0,3.0,0.0,3.0,0.0,0.0,0.0,0.78,0.59,10.0,10.0
11,15/06/2026,GROUP STAGE,Group Stage,Ivory Coast,Ecuador,1,0,10.0,13.0,23.0,3.0,1.0,4.0,0.0,0.0,0.0,1.52,1.01,15.0,12.0
12,15/06/2026,GROUP STAGE,Group Stage,Sweden,Tunisia,5,1,10.0,8.0,18.0,0.0,1.0,1.0,0.0,0.0,0.0,1.33,0.28,13.0,6.0
13,15/06/2026,GROUP STAGE,Group Stage,Spain,Cape Verde,0,0,10.0,1.0,11.0,1.0,1.0,2.0,0.0,0.0,0.0,2.1,0.2,27.0,6.0
14,15/06/2026,GROUP STAGE,Group Stage,Belgium,Egypt,1,1,15.0,15.0,30.0,2.0,2.0,4.0,0.0,0.0,0.0,1.35,1.08,15.0,14.0
15,15/06/2026,GROUP STAGE,Group Stage,Saudi Arabia,Uruguay,1,1,11.0,6.0,17.0,1.0,0.0,1.0,0.0,0.0,0.0,0.66,1.72,7.0,27.0
16,16/06/2026,GROUP STAGE,Group Stage,Iran,New Zealand,2,2,10.0,8.0,18.0,1.0,0.0,1.0,0.0,0.0,0.0,1.5,1.24,17.0,14.0
17,16/06/2026,GROUP STAGE,Group Stage,France,Senegal,3,1,5.0,9.0,14.0,0.0,0.0,0.0,0.0,0.0,0.0,1.79,0.53,11.0,6.0
18,16/06/2026,GROUP STAGE,Group Stage,Iraq,Norway,1,4,12.0,13.0,25.0,1.0,0.0,1.0,0.0,0.0,0.0,0.8,2.52,11.0,12.0
19,17/06/2026,GROUP STAGE,Group Stage,Argentina,Algeria,3,0,13.0,8.0,21.0,0.0,0.0,0.0,0.0,0.0,0.0,1.26,0.32,10.0,7.0
20,17/06/2026,GROUP STAGE,Group Stage,Austria,Jordan,3,1,12.0,7.0,19.0,1.0,0.0,1.0,0.0,0.0,0.0,1.66,0.53,11.0,11.0
21,17/06/2026,GROUP STAGE,Group Stage,Portugal,D.R. Congo,1,1,9.0,10.0,19.0,3.0,1.0,4.0,0.0,0.0,0.0,0.65,0.87,7.0,8.0
22,17/06/2026,GROUP STAGE,Group Stage,England,Croatia,4,2,10.0,12.0,22.0,0.0,0.0,0.0,0.0,0.0,0.0,3.2,0.7,22.0,10.0
23,18/06/2026,GROUP STAGE,Group Stage,Ghana,Panama,1,0,9.0,11.0,20.0,1.0,2.0,3.0,0.0,0.0,0.0,1.31,0.73,8.0,11.0
24,18/06/2026,GROUP STAGE,Group Stage,Uzbekistan,Colombia,1,3,14.0,11.0,25.0,1.0,1.0,2.0,0.0,0.0,0.0,1.16,1.61,8.0,15.0
25,18/06/2026,GROUP STAGE,Group Stage,Czech Republic,South Africa,1,1,12.0,10.0,22.0,1.0,2.0,3.0,0.0,0.0,0.0,1.02,1.38,14.0,17.0
26,18/06/2026,GROUP STAGE,Group Stage,Switzerland,Bosnia & Herzegovina,4,1,7.0,18.0,25.0,1.0,2.0,3.0,0.0,1.0,1.0,2.06,0.23,13.0,5.0
27,18/06/2026,GROUP STAGE,Group Stage,Canada,Qatar,6,0,9.0,10.0,19.0,1.0,1.0,2.0,0.0,2.0,2.0,4.6,0.22,32.0,2.0
28,19/06/2026,GROUP STAGE,Group Stage,Mexico,South Korea,1,0,9.0,7.0,16.0,0.0,2.0,2.0,0.0,0.0,0.0,0.53,0.91,8.0,9.0
29,19/06/2026,GROUP STAGE,Group Stage,USA,Australia,2,0,12.0,16.0,28.0,3.0,4.0,7.0,0.0,0.0,0.0,1.08,0.35,10.0,5.0
30,19/06/2026,GROUP STAGE,Group Stage,Scotland,Morocco,0,1,11.0,8.0,19.0,1.0,1.0,2.0,0.0,0.0,0.0,0.51,0.99,6.0,12.0
31,20/06/2026,GROUP STAGE,Group Stage,Brazil,Haiti,3,0,13.0,14.0,27.0,1.0,3.0,4.0,0.0,0.0,0.0,1.75,0.23,8.0,7.0
32,20/06/2026,GROUP STAGE,Group Stage,Turkey,Paraguay,0,1,14.0,15.0,29.0,1.0,1.0,2.0,0.0,1.0,1.0,2.17,0.32,32.0,7.0
33,20/06/2026,GROUP STAGE,Group Stage,Netherlands,Sweden,5,1,9.0,12.0,21.0,0.0,3.0,3.0,0.0,0.0,0.0,2.61,1.01,10.0,16.0
34,20/06/2026,GROUP STAGE,Group Stage,Germany,Ivory Coast,2,1,5.0,7.0,12.0,0.0,0.0,0.0,0.0,0.0,0.0,1.89,1.22,16.0,9.0
35,21/06/2026,GROUP STAGE,Group Stage,Ecuador,Curacao,0,0,7.0,10.0,17.0,1.0,5.0,6.0,0.0,0.0,0.0,2.84,0.5,27.0,10.0
36,21/06/2026,GROUP STAGE,Group Stage,Tunisia,Japan,0,4,8.0,15.0,23.0,0.0,0.0,0.0,0.0,0.0,0.0,0.05,2.13,2.0,11.0
37,21/06/2026,GROUP STAGE,Group Stage,Spain,Saudi Arabia,4,0,10.0,2.0,12.0,0.0,2.0,2.0,0.0,0.0,0.0,2.3,0.14,22.0,3.0
38,21/06/2026,GROUP STAGE,Group Stage,Belgium,Iran,0,0,7.0,9.0,16.0,1.0,1.0,2.0,1.0,0.0,1.0,1.79,0.62,23.0,7.0
39,21/06/2026,GROUP STAGE,Group Stage,Uruguay,Cape Verde,2,2,11.0,4.0,15.0,2.0,2.0,4.0,0.0,0.0,0.0,2.32,0.88,17.0,12.0
40,22/06/2026,GROUP STAGE,Group Stage,New Zealand,Egypt,1,3,14.0,8.0,22.0,2.0,1.0,3.0,0.0,0.0,0.0,1.24,1.87,11.0,19.0
41,22/06/2026,GROUP STAGE,Group Stage,Argentina,Austria,2,0,13.0,13.0,26.0,2.0,2.0,4.0,0.0,0.0,0.0,2.36,0.53,12.0,6.0
42,22/06/2026,GROUP STAGE,Group Stage,France,Iraq,3,0,8.0,4.0,12.0,0.0,1.0,1.0,0.0,0.0,0.0,2.67,0.63,19.0,4.0
43,23/06/2026,GROUP STAGE,Group Stage,Norway,Senegal,3,2,13.0,5.0,18.0,0.0,0.0,0.0,0.0,0.0,0.0,2.2,1.72,13.0,16.0
44,23/06/2026,GROUP STAGE,Group Stage,Jordan,Algeria,1,2,11.0,6.0,17.0,1.0,1.0,2.0,0.0,0.0,0.0,0.63,1.89,8.0,17.0
45,23/06/2026,GROUP STAGE,Group Stage,Portugal,Uzbekistan,5,0,14.0,15.0,29.0,1.0,1.0,2.0,0.0,0.0,0.0,2.61,0.24,17.0,7.0
46,23/06/2026,GROUP STAGE,Group Stage,England,Ghana,0,0,14.0,24.0,38.0,1.0,1.0,2.0,0.0,0.0,0.0,1.36,0.17,19.0,2.0
47,24/06/2026,GROUP STAGE,Group Stage,Panama,Croatia,0,1,19.0,12.0,31.0,1.0,1.0,2.0,0.0,0.0,0.0,0.55,1.65,8.0,6.0
48,24/06/2026,GROUP STAGE,Group Stage,Colombia,D.R. Congo,1,0,12.0,16.0,28.0,2.0,1.0,3.0,0.0,0.0,0.0,0.98,0.37,20.0,7.0
49,24/06/2026,GROUP STAGE,Group Stage,Bosnia & Herzegovina,Qatar,3,1,9.0,14.0,23.0,1.0,1.0,2.0,0.0,0.0,0.0,0.68,0.77,14.0,9.0
50,24/06/2026,GROUP STAGE,Group Stage,Switzerland,Canada,2,1,19.0,13.0,32.0,1.0,2.0,3.0,0.0,0.0,0.0,1.11,1.66,6.0,13.0
51,24/06/2026,GROUP STAGE,Group Stage,Morocco,Haiti,4,2,10.0,18.0,28.0,0.0,3.0,3.0,0.0,0.0,0.0,3.76,0.67,22.0,9.0
52,24/06/2026,GROUP STAGE,Group Stage,Scotland,Brazil,0,3,10.0,11.0,21.0,1.0,2.0,3.0,0.0,0.0,0.0,1.04,4.33,14.0,21.0
53,25/06/2026,GROUP STAGE,Group Stage,Czech Republic,Mexico,0,3,9.0,13.0,22.0,0.0,1.0,1.0,0.0,0.0,0.0,0.53,1.74,13.0,11.0
54,25/06/2026,GROUP STAGE,Group Stage,South Africa,South Korea,1,0,7.0,9.0,16.0,1.0,1.0,2.0,0.0,0.0,0.0,1.16,0.9,13.0,8.0
55,25/06/2026,GROUP STAGE,Group Stage,Curacao,Ivory Coast,0,2,11.0,6.0,17.0,2.0,1.0,3.0,0.0,0.0,0.0,0.5,1.31,11.0,7.0
56,25/06/2026,GROUP STAGE,Group Stage,Ecuador,Germany,2,1,15.0,10.0,25.0,3.0,1.0,4.0,0.0,0.0,0.0,1.27,0.65,7.0,11.0
57,26/06/2026,GROUP STAGE,Group Stage,Japan,Sweden,1,1,20.0,11.0,31.0,1.0,2.0,3.0,0.0,0.0,0.0,1.21,0.64,8.0,11.0
58,26/06/2026,GROUP STAGE,Group Stage,Tunisia,Netherlands,1,3,11.0,10.0,21.0,0.0,0.0,0.0,0.0,0.0,0.0,0.62,1.85,10.0,20.0
59,26/06/2026,GROUP STAGE,Group Stage,Paraguay,Australia,0,0,9.0,6.0,15.0,1.0,1.0,2.0,0.0,0.0,0.0,0.24,0.55,7.0,12.0
60,26/06/2026,GROUP STAGE,Group Stage,Turkey,USA,3,2,13.0,13.0,26.0,0.0,1.0,1.0,0.0,0.0,0.0,3.01,2.13,9.0,18.0
61,26/06/2026,GROUP STAGE,Group Stage,Norway,France,1,4,9.0,11.0,20.0,1.0,1.0,2.0,0.0,0.0,0.0,1.7,1.5,10.0,18.0
62,26/06/2026,GROUP STAGE,Group Stage,Senegal,Iraq,5,0,10.0,11.0,21.0,2.0,2.0,4.0,0.0,1.0,1.0,3.01,1.04,28.0,6.0
63,27/06/2026,GROUP STAGE,Group Stage,Cape Verde,Saudi Arabia,0,0,10.0,16.0,26.0,1.0,3.0,4.0,0.0,0.0,0.0,1.39,0.39,15.0,7.0
64,27/06/2026,GROUP STAGE,Group Stage,Uruguay,Spain,0,1,14.0,14.0,28.0,3.0,1.0,4.0,1.0,0.0,1.0,0.2,0.86,5.0,6.0
65,27/06/2026,GROUP STAGE,Group Stage,Egypt,Iran,1,1,11.0,16.0,27.0,3.0,4.0,7.0,0.0,0.0,0.0,0.84,1.97,15.0,13.0
66,27/06/2026,GROUP STAGE,Group Stage,New Zealand,Belgium,1,5,10.0,7.0,17.0,2.0,0.0,2.0,0.0,0.0,0.0,0.25,3.69,6.0,35.0
67,27/06/2026,GROUP STAGE,Group Stage,Croatia,Ghana,2,1,9.0,13.0,22.0,1.0,1.0,2.0,0.0,0.0,0.0,0.42,0.74,8.0,6.0
68,27/06/2026,GROUP STAGE,Group Stage,Panama,England,0,2,16.0,13.0,29.0,2.0,1.0,3.0,0.0,0.0,0.0,0.58,1.49,13.0,17.0
69,28/06/2026,GROUP STAGE,Group Stage,Colombia,Portugal,0,0,12.0,6.0,18.0,1.0,0.0,1.0,0.0,0.0,0.0,1.7,0.93,24.0,13.0
70,28/06/2026,GROUP STAGE,Group Stage,D.R. Congo,Uzbekistan,3,1,6.0,16.0,22.0,3.0,2.0,5.0,0.0,0.0,0.0,2.18,0.2,19.0,3.0
71,28/06/2026,GROUP STAGE,Group Stage,Algeria,Austria,3,3,3.0,7.0,10.0,0.0,1.0,1.0,0.0,0.0,0.0,1.67,1.49,12.0,10.0
72,28/06/2026,GROUP STAGE,Group Stage,Jordan,Argentina,1,3,13.0,7.0,20.0,3.0,0.0,3.0,0.0,0.0,0.0,0.76,2.13,5.0,12.0
73,28/06/2026,ROUND OF 32,Knockout Stage,South Africa,Canada,0,1,10.0,16.0,26.0,0.0,2.0,2.0,0.0,0.0,0.0,0.14,1.38,6.0,12.0
74,29/06/2026,ROUND OF 32,Knockout Stage,Brazil,Japan,2,1,4.0,13.0,17.0,2.0,3.0,5.0,0.0,0.0,0.0,2.07,0.33,19.0,5.0
75,29/06/2026,ROUND OF 32,Knockout Stage,Germany,Paraguay,1,1p,18.0,12.0,30.0,2.0,2.0,4.0,0.0,0.0,0.0,1.57,0.35,21.0,7.0
76,29/06/2026,ROUND OF 32,Knockout Stage,Netherlands,Morocco,1,1p,18.0,15.0,33.0,0.0,1.0,1.0,0.0,0.0,0.0,0.24,1.38,6.0,11.0
77,30/06/2026,ROUND OF 32,Knockout Stage,Ivory Coast,Norway,1,2,6.0,7.0,13.0,0.0,1.0,1.0,0.0,0.0,0.0,1.49,1.9,14.0,9.0
78,30/06/2026,ROUND OF 32,Knockout Stage,France,Sweden,3,0,14.0,10.0,24.0,0.0,0.0,0.0,0.0,0.0,0.0,3.24,0.7,25.0,8.0
79,30/06/2026,ROUND OF 32,Knockout Stage,Mexico,Ecuador,2,0,10.0,14.0,24.0,0.0,3.0,3.0,0.0,1.0,1.0,1.05,0.75,15.0,7.0
80,01/07/2026,ROUND OF 32,Knockout Stage,England,D.R. Congo,2,1,10.0,12.0,22.0,1.0,1.0,2.0,0.0,0.0,0.0,2.16,0.77,16.0,7.0
81,01/07/2026,ROUND OF 32,Knockout Stage,Belgium,Senegal,3,2,22.0,12.0,34.0,1.0,1.0,2.0,0.0,0.0,0.0,1.74,3.58,19.0,19.0
82,01/07/2026,ROUND OF 32,Knockout Stage,USA,Bosnia & Herzegovina,2,0,7.0,13.0,20.0,0.0,1.0,1.0,1.0,0.0,1.0,0.88,0.25,8.0,10.0
83,02/07/2026,ROUND OF 32,Knockout Stage,Spain,Austria,3,0,8.0,15.0,23.0,0.0,1.0,1.0,0.0,0.0,0.0,2.8,0.32,23.0,5.0
84,02/07/2026,ROUND OF 32,Knockout Stage,Portugal,Croatia,2,1,6.0,12.0,18.0,1.0,2.0,3.0,0.0,0.0,0.0,2.2,1.34,15.0,13.0
85,02/07/2026,ROUND OF 32,Knockout Stage,Switzerland,Algeria,2,0,10.0,12.0,22.0,0.0,2.0,2.0,0.0,0.0,0.0,2.52,0.73,11.0,8.0
86,03/07/2026,ROUND OF 32,Knockout Stage,Australia,Egypt,1,1p,12.0,14.0,26.0,0.0,2.0,2.0,0.0,0.0,0.0,0.84,1.32,16.0,14.0
87,03/07/2026,ROUND OF 32,Knockout Stage,Argentina,Cape Verde,3,2,13.0,12.0,25.0,1.0,1.0,2.0,0.0,0.0,0.0,2.26,0.47,22.0,16.0
88,03/07/2026,ROUND OF 32,Knockout Stage,Colombia,Ghana,1,0,14.0,10.0,24.0,2.0,3.0,5.0,0.0,0.0,0.0,2.04,0.27,20.0,8.0
89,04/07/2026,ROUND OF 16,Knockout Stage,Canada,Morocco,0,3,24.0,14.0,38.0,4.0,4.0,8.0,0.0,0.0,0.0,0.84,0.82,10.0,5.0
90,04/07/2026,ROUND OF 16,Knockout Stage,Paraguay,France,0,1,13.0,11.0,24.0,0.0,3.0,3.0,0.0,0.0,0.0,0.13,1.45,5.0,15.0
91,05/07/2026,ROUND OF 16,Knockout Stage,Brazil,Norway,1,2,7.0,6.0,13.0,1.0,0.0,1.0,0.0,0.0,0.0,2.61,1.05,14.0,9.0
92,05/07/2026,ROUND OF 16,Knockout Stage,Mexico,England,2,3,14.0,7.0,21.0,2.0,3.0,5.0,0.0,1.0,1.0,1.88,1.61,20.0,6.0
93,06/07/2026,ROUND OF 16,Knockout Stage,Portugal,Spain,0,1,9.0,13.0,22.0,2.0,1.0,3.0,0.0,0.0,0.0,0.63,1.69,10.0,15.0
94,06/07/2026,ROUND OF 16,Knockout Stage,USA,Belgium,1,4,11.0,9.0,20.0,2.0,0.0,2.0,0.0,0.0,0.0,0.63,2.01,7.0,15.0
95,07/07/2026,ROUND OF 16,Knockout Stage,Argentina,Egypt,3,2,13.0,11.0,24.0,0.0,3.0,3.0,0.0,0.0,0.0,2.84,0.89,19.0,5.0
96,07/07/2026,ROUND OF 16,Knockout Stage,Switzerland,Colombia,p0,0,22.0,21.0,43.0,3.0,2.0,5.0,0.0,0.0,0.0,0.39,1.09,7.0,15.0
97,09/07/2026,QUARTER FINALS,Knockout Stage,France,Morocco,2,0,10.0,13.0,23.0,0.0,1.0,1.0,0.0,0.0,0.0,3.69,0.14,22.0,5.0
98,10/07/2026,QUARTER FINALS,Knockout Stage,Spain,Belgium,2,1,13.0,18.0,31.0,2.0,2.0,4.0,0.0,0.0,0.0,2.1,0.37,17.0,5.0
99,11/07/2026,QUARTER FINALS,Knockout Stage,Norway,England,1,2,10.0,8.0,18.0,1.0,0.0,1.0,0.0,0.0,0.0,0.68,1.04,13.0,14.0
100,11/07/2026,QUARTER FINALS,Knockout Stage,Argentina,Switzerland,3,1,14.0,18.0,32.0,3.0,2.0,5.0,0.0,1.0,1.0,1.94,0.47,22.0,11.0
101,14/07/2026,SEMI FINALS,Knockout Stage,France,Spain,0,2,11.0,12.0,23.0,2.0,1.0,3.0,0.0,0.0,0.0,0.3,1.63,10.0,10.0
102,15/07/2026,SEMI FINALS,Knockout Stage,England,Argentina,1,2,11.0,15.0,26.0,1.0,3.0,4.0,0.0,0.0,0.0,0.53,1.84,5.0,15.0
103,19/07/2026,FINAL,Knockout Stage,Spain,Argentina,1,0,21.0,25.0,46.0,0.0,5.0,5.0,0.0,1.0,1.0,2.29,0.22,20.0,2.0
